firstName,lastName,address,city,state,zipCode,phone,email,dob,ssn,picture
Lesa,Holt,8962 E Little York Rd,Lexington,WY,6447,(431) -9126,lesa.holt@example.com,08/12/1969,64-26-4026,https://randomuser.me/api/portraits/women/26.jpg
Chris,Marshall,8577 College St,Newport News,NE,62462,,chris.marshall@example.com,10/04/1997,672-65-9513,https://randomuser.me/api/portraits/men/16.jpg
Cecil,Rice,5051 Avondale Ave,Scottsdale,VT,20016,(770) 963-8119,cecil.rice@example.com,11/23/1946,645-12-9786,https://randomuser.me/api/portraits/men/32.jpg
Gilbert,Collins,5251 Hickory Creek Dr,Palmdale,ME,41130,(315) 211-5114,gilbert.collins@example.com,11/02/1945,020-64-3269,https://randomuser.me/api/portraits/men/9.jpg
Leta,Collins,9930 Hogan St,Hayward,SD,41941,(573) 665-7629,leta.collins@example.com,10/22/1950,661-98-8249,https://randomuser.me/api/portraits/women/70.jpg
Liam,Bryant,8213 Crockett St,Phoenix,OK,84520,(289) 28-5076,liam.bryant@example.com,09/27/1955,682-49-6288,https://randomuser.me/api/portraits/men/67.jpg
Phillip,Thomas,5589 Eason Rd,Vancouver,GA,88402,(506) 370-6560,phillip.thomas@example.com,03/22/1976,400-53-3594,https://randomuser.me/api/portraits/men/23.jpg
Allison,Thompson,2335 Depaul Dr,Sterling Heights,MO,21706,,allison.thompson@example.com,09/18/1965,418-79-9269,https://randomuser.me/api/portraits/women/78.jpg
Brett,Carlson,9271 Rolling Green Rd,Rockford,MD,40800,,brett.carlson@example.com,03/01/1982,268-55-5466,https://randomuser.me/api/portraits/men/13.jpg
Jo,Ramos,7781 Pockrus Page Rd,Moscow,AZ,66131,(999) 764-7480,jo.ramos@example.com,03/05/1950,042-52-4034,https://randomuser.me/api/portraits/women/14.jpg
Mason,Howell,986 W Belt Line Rd,Greeley,AR,93313,,mason.howellexample.com,05/25/1957,228-94-435,https://randomuser.me/api/portraits/men/84.jpg
Carter,Powell,7339 Taylor St,Riverside,KY,59711,(551) 393-2303,carter.powell@example.com,09/21/1965,827-76-3136,https://randomuser.me/api/portraits/men/80.jpg
Roland,Russell,273 Hickory Creek Dr,Westminster,RI,18937,(434) 798-2676,roland.russell@example.com,09/25/1964,544-03-0837,https://randomuser.me/api/portraits/men/44.jpg
Jar,Sullivan,4466 Bollinger Rd,Yonkers,VA,72956,,jar.sullivan@example.com,12/04/1956,586-93-4294,https://randomuser.me/api/portraits/men/48.jpg
Delores,Harris,6498 Elgin St,Chesapeake,UT,52776,(23) 614-1938,delores.harris@example.com,03/08/1961,801-15-0839,https://randomuser.me/api/portraits/women/74.jpg
Melissa,Hill,135 Hickory Creek Dr,Nampa,HI,35763,,melissa.hill@example.com,10/12/1978,588-69-1412,https://randomuser.me/api/portraits/women/3.jpg
Diane,Andrews,6618 Samaritan Dr,Salinas,DE,49991,(935) 608-7277,diane.andrews@example.com,06/09/1990,512-29-0593,https://randomuser.me/api/portraits/women/53.jpg
Hailey,Mitchelle,8060 E North St,Lancaster,UT,31736,(716) 705-0715,hailey.mitchelle@example.com,07/24/1966,873-15-2440,https://randomuser.me/api/portraits/women/52.jpg
Arthur,Crawford,5422 Mockingbird Hill,Santa Clara,NY,56047,,arthur.crawford@example.com,04/12/1988,695-89-2908,https://randomuser.me/api/portraits/men/97.jpg
Lesa,Silva,7810 Marsh Ln,Temecula,MT,32573,(746) 695-8720,lesa.silva@example.com,11/01/170,107-28-9508,https://randomuser.me/api/portraits/women/47.jpg
